Name of Scholarship,Deadline,Number of Awards,Maximum Amount,GPA,Affiliation,Age,College Program?,Category,Lic Type 1,Lic Type 2,Lic Type 3,Lic Type 4,Lic Type 5,Lic Type 6,Lic Type 7,Lic Type 8,Lic Type 9,Lic Type 10,,Female / Every / Minority ,Location,Link 
Leroy Homer Jr. Memorial Scholarship,January 31,3,5000,,,Any,No College Program allowed,Flight Training,,Private,,,,,,,,,,Every,Any,https://leroywhomerjr.org/scholarships/
Archie C. Towle Aviation Scholarship,February 1,1,1500,,,Any,Any,Flight Training,,Private,,Instrument,Commercial,Multi-Engine Rating,Certified Flight Instructtor,,,,,Every,"50 miles of Wasau, WI",https://cfoncw.org/grants-scholarships/scholarships/; https://cfoncw.org/wp-content/uploads/2025/10/Schol_NCW_6Archie-Towle.pdf
Harry E. Arcamuzi Aviation Scholarship,December 19,1,500,,,Any,Any,Flight Training,,Private,,Instrument,Commercial,Multi-Engine Rating,Certified Flight Instructtor,,,,,Every,Any inner city student,https://www.eaa.org/eaa/learn-to-fly/scholarships/post-secondary-scholarships
Jack Burnham Fund,December 19,1,Unknown,>2.5,Preference - Jackson Hole High School in WY Students,Any,"4-Year College, University or Post-Secondary School in Aviation Field (Aeronautics, Engineering, Pilot Training","Flight Training, Engineering, Aeronautics",Solo,Private,Sport/Recreational,Instrument,Commercial,Multi-Engine Rating,Certified Flight Instructor,High Performance Endorsement,Complex Endorsment,Aerobatic Instruction,Tailwheel Endorsemtn,Every,"Any (Jackson, WY Preference)",https://www.eaa.org/eaa/learn-to-fly/scholarships/post-secondary-scholarships
Corporate Aircraft Association Scholarship,December 19,1,Unknown,,Demonstrated Financial Need & Supporting Own Education & Completed Private Pilot Certificate,Any,Post-Secondary School - Business Aviation ,Flight Training,,,,Instrument,Commercial,Multi-Engine Rating,Certified Flight Instructor,High Performance Endorsement,Complex Endorsment,Aerobatic Instruction,Tailwheel Endorsemtn,Every,Any,https://www.eaa.org/eaa/learn-to-fly/scholarships/post-secondary-scholarships
Clay Lacy Foundation Scholarship,December 19,1,Unknown,,University of North Dakota & EAA Air Academy Counselor ,Any,University of North Dakota Only,College Program,Solo,Private,Sport/Recreational,Instrument,Commercial,Multi-Engine Rating,Certified Flight Instructor,High Performance Endorsement,Complex Endorsment,Aerobatic Instruction,Tailwheel Endorsemtn,Every,Any,https://www.eaa.org/eaa/learn-to-fly/scholarships/post-secondary-scholarships
Timothy Peterson Education Scholarship,December 19,1,Unknown,,EAA Chapter Student,High School,N/A,Flight Training or Career Development,Solo,Private,Sport/Recreational,Instrument,Commercial,Multi-Engine Rating,Certified Flight Instructor,High Performance Endorsement,Complex Endorsment,Aerobatic Instruction,Tailwheel Endorsemtn,Every,An,https://www.eaa.org/eaa/learn-to-fly/scholarships/post-secondary-scholarships
Lee and Cookie Perrizo Scholarship,December 19,1,Unknown,,Preferably from Wisconsin,Any,Post-Secondary School - Aviation,College Program,N/A,N/A,N/A,N/A,N/A,N/A,N/A,N/A,N/a,N/A,N/A,Every,Any,https://www.eaa.org/eaa/learn-to-fly/scholarships/post-secondary-scholarships
Robert F. Pauley Scholarship in Historic Aviation Research,December 19,1,Unknown,,Preference - Western Michigan University Students,Any,Any program in Historical Aviation Research,College Program,N/A,N/A,N/A,N/A,N/A,N/A,N/A,N/A,N/a,N/A,N/A,Every,Any,https://www.eaa.org/eaa/learn-to-fly/scholarships/post-secondary-scholarships
Herbert L. Cox Memorial Scholarship,December 19,1,Unknown,,Demonstrated Financial Need & Preference to Students who work during school year,Any,College or University - Aviation Program,College Program,N/A,N/A,N/A,N/A,N/A,N/A,N/A,N/A,N/a,N/A,N/A,Every,Any,https://www.eaa.org/eaa/learn-to-fly/scholarships/post-secondary-scholarships
John Sandberg A&P Scholarship Fund,December 19,1,Unknown,,Volunteer Hours in Aviation,>=19,A&P Program,A&P Program,N/A,N/A,N/A,N/A,N/A,N/A,N/A,N/A,N/a,N/A,N/A,Every,Any,https://www.eaa.org/eaa/learn-to-fly/scholarships/post-secondary-scholarships
Chaudoin Scholarship,December 19,1,Unknown,>3.0,,Any,College or University - Aviation Program,College Program,N/A,N/A,N/A,N/A,N/A,N/A,N/A,N/A,N/a,N/A,N/A,Every,Any,https://www.eaa.org/eaa/learn-to-fly/scholarships/post-secondary-scholarships
Aviation Tax Consultants Scholarship,December 19,1,Unknown,,Demonstrated Financial Need,Any,"Non-Pilot Aviation Career (ATC, Aviation Business, Management, or Administration)",Non-Pilot,N/A,N/A,N/A,N/A,N/A,N/A,N/A,N/A,N/a,N/A,N/A,Every,Any,https://www.eaa.org/eaa/learn-to-fly/scholarships/post-secondary-scholarships
Michael Blume Memorial Scholarship,December 19,1,1000,,,Any,Aviation Program (Collegiate),Flight Training,,Private,,Instrument,Commercial,Multi-Engine Rating,Certified Flight Instructtor,,,,,Every,"Minnesota, Wisconsin, North Dakota, South Dakota",https://www.eaa.org/eaa/learn-to-fly/scholarships/post-secondary-scholarships
H.P. Bud Milligan Aviation Scholarship,December 19,1,500,,,Any,Aviation Program (Any),Flight Training,,Private,,Instrument,Commercial,Multi-Engine Rating,Certified Flight Instructtor,,,,,Every,Any,https://www.eaa.org/eaa/learn-to-fly/scholarships/post-secondary-scholarships
David Mineck Memorial Scholarship,December 19,1,500,,,Any,Engineering or Aviation Program (Collegiate),Flight Training,,Private,,Instrument,Commercial,Multi-Engine Rating,Certified Flight Instructtor,,,,,Every,Any,https://www.eaa.org/eaa/learn-to-fly/scholarships/post-secondary-scholarships
Payzer Scholarship,December 19,1,5000,,,Any,Tech or Engineering Program (Collegiate),Engineering,,N/A,,N/A,N/A,N/A,N/A,,,,,Every,Any,https://www.eaa.org/eaa/learn-to-fly/scholarships/post-secondary-scholarships
Pratt & Whitney Canada Women in Engineering Scholarship,December 19,1,10000,,,Any,N/A,Not Available,,N/A,,N/A,N/A,N/A,N/A,,,,,Female,Any,https://www.eaa.org/eaa/learn-to-fly/scholarships/post-secondary-scholarships
Ray Aviation Scholarship,October 31,Multiple,Unknown,,Contact Local EAA Chapter for Application Process,Any,Unknown,Flight Training,Solo,Private,Sport/Recreational,Instrument,Commercial,Multi-Engine Rating,Certified Flight Instructor,High Performance Endorsement,Complex Endorsement,Aerobatic Instruction,Tailwheel Endorsement,Every,Any,https://www.eaa.org/eaa/eaa-chapters/eaa-chapter-resources/chapter-programs-and-activities/ray-aviation-scholarship-fund
David Alan Quick Scholarship,December 19,1,500,,,Any,Engineering Program (Collegiate),Engineering,,N/A,,N/A,N/A,N/A,N/A,,,,,Every,Any,https://www.eaa.org/eaa/learn-to-fly/scholarships/post-secondary-scholarships
Richard L. Taylor Flight Training Scholarship,March 25,1,1500,,,Any,High School or Aviation Program (Collegiate),Flight Training,,,,Instrument,Commercial,Multi-Engine Rating,Certified Flight instructor,,,,,Every,Any,https://www.nata.aero/scholarships/richard-l-taylor-flight-training-scholarship
Adapt to Fly Scholarship,December 19,1,Unknown,,,Any,N/A,Flight Training,,Private,Sport/Recreational,Instrument,Commercial,Multi-Engine Rating,Certified Flight Instructor,,,,,Person with a Disability defined by the Americans with Disabilities Act (ADA),Any,https://www.eaa.org/eaa/learn-to-fly/scholarships/eaa-flight-training-scholarships
Air Academy Alumni Scholarship,December 19,1,Unknown,,Must have been an alumni or EAA Air Academy as a staffer or camper,Any,Any,Flight Training,Solo,Private,,,,,,,,,,Every,,https://www.eaa.org/eaa/learn-to-fly/scholarships/eaa-flight-training-scholarships
Gary and Mary Baker Flight Training Scholarship,December 19,1,Unknown,,"EAA Member - Preference to Young Eagle, Young Eagle Pilots, EAA Chapter Involvement",Any,Any,Flight Training,,,,,,Multi-Engine Rating,,High Performance Endorsement ,Complex Endorsement,,,Every,Any,https://www.eaa.org/eaa/learn-to-fly/scholarships/eaa-flight-training-scholarships
Ellowyn Becker Flight Training Scholarship,December 19,1,Unknown,,"Annual household income <$50,000",Less than 21 at time of award,Any - Career Goal STEM or Aviation,Flight Training,,Private,,,,,,,,,,Every,Any,https://www.eaa.org/eaa/learn-to-fly/scholarships/eaa-flight-training-scholarships
John S. Bradbury Memorial Scholarship,December 19,1,Unknown,,EAA Young Eagle,16 - 17,N/A,Flight Training,Solo,Private,,,,,,,,,,Every,Any,https://www.eaa.org/eaa/learn-to-fly/scholarships/eaa-flight-training-scholarships
Chapter 439 Vliegend Scholarship,December 19,1,Unknown,,Upper Peninsula of MI or Northeast Wisconsin,16 - 22 - Private License; Any ofther Rating <35,Any,Flight Training,,Private,,Instrument,,Multi-Engine Rating,,,,,,Every ,Upper Peninsula MI or Northeast WI,https://www.eaa.org/eaa/learn-to-fly/scholarships/eaa-flight-training-scholarships
Citation Max Scholarship,December 19,1,Unknown,,Demonstrated Financial Need,16 - 25,Any,Flight Training,Solo,Private,Sport/Recreational,Instrument,Commercial,Multi-Engine Rating,Certified Flight Instructor,High Performance Endorsement,Complex Endorsement,,,Every,Any,https://www.eaa.org/eaa/learn-to-fly/scholarships/eaa-flight-training-scholarships
Tex Edwards Scholarship,December 19,1,Unknown,,,Any,Any,Flight Training,Solo,Private,Sport/Recreational,Instrument,Commercial,Multi-Engine Rating,Certified Flight Instructor,High Performance Endorsement,Complex Endorsement,,,Every,Any,https://www.eaa.org/eaa/learn-to-fly/scholarships/eaa-flight-training-scholarships
Eagles Aerobatic Fund,December 19,1,Unknown,,EAA Young Eagle,Any,Any,Flight Training,Solo,Private,Sport/Recreational,Instrument,Commercial,Multi-Engine Rating,Certified Flight Instructor,High Performance Endorsement,Complex Endorsement,Aerobatic Instruction,,Every,Any,https://www.eaa.org/eaa/learn-to-fly/scholarships/eaa-flight-training-scholarships
"Joey Ermel ""Do Your Impeccable Best"" Tailwheel Endorsement Scholarship",December 19,1,Unknown,,"Preference - EAA Young Eagle, EAA Young Eagle Pilots, EAA Chapter Involvement & 50+ Flight Hours",Any,Any,Flight Training,,,,,,,,,,,Tailwheel Endorsement,Every,Any,https://www.eaa.org/eaa/learn-to-fly/scholarships/eaa-flight-training-scholarships
Noah Favaregh Flight Training Scholarship,December 19,1,Unknown,,,Any,Any,Flight Training,,Private,,,,,,,,,,Every,Any,https://www.eaa.org/eaa/learn-to-fly/scholarships/eaa-flight-training-scholarships
Friends of Pete Bunce Flight Training Scholarship,December 19,1,Unknown,,Preference to WI Residents (Former Okay) with Financial Needs,Any,Any,Flight Training,,Private,,Instrument,,Multi-Engine Rating,,,,,,Every,Wisconsin Resident (Current or Former),https://www.eaa.org/eaa/learn-to-fly/scholarships/eaa-flight-training-scholarships
Harrison Ford Scholarship,December 19,1,Unknown,,EAA Young Eagle with Demonstrated Financial Need,Any,Any,Flight Training / Education,Solo,Private,Sport/Recreational,Instrument,Commercial,Multi-Engine Rating,Certified Flight Instructor,High Performance Endorsement,Complex Endorsement,Aerobatic Instruction,Tailwheel Endorsement,Every,Any,https://www.eaa.org/eaa/learn-to-fly/scholarships/eaa-flight-training-scholarships
Alex Foss Memorial Scholarship,December 19,1,Unknown,,"First Generation Aviator w/o parents who are pilots - Must be employed, paid internship or using student loans",Any,Professional Flight or Commercial Aviaiton Degree Goals,Flight Training,Solo,Private,Sport/Recreational,Instrument,Commercial,Multi-Engine Rating,Certified Flight Instructor,High Performance Endorsement,Complex Endorsement,Aerobatic Instruction,Tailwheel Endorsement,Every,Any,https://www.eaa.org/eaa/learn-to-fly/scholarships/eaa-flight-training-scholarships
Jim and Marge Gorman Scholarship Fund,December 19,1,Unknown,,US Citizen Only,Any,Any,Flight Training,Solo,Private,Sport/Recreational,Instrument,Commercial,Multi-Engine Rating,Certified Flight Instructor,High Performance Endorsement,Complex Endorsement,Aerobatic Instruction,Tailwheel Endorsement,Every,Any,https://www.eaa.org/eaa/learn-to-fly/scholarships/eaa-flight-training-scholarships
"Florence ""Coffy"" Gregory Endowment Fund",December 19,1,Unknown,,,Any,Any,Flight Training,Solo,Private,Sport/Recreational,Instrument,Commercial,Multi-Engine Rating,Certified Flight Instructor,High Performance Endorsement,Complex Endorsement,Aerobatic Instruction,Tailwheel Endorsement,Female,Any,https://www.eaa.org/eaa/learn-to-fly/scholarships/eaa-flight-training-scholarships
Stephen (Ben) Haas Fund,December 19,1,Unknown,,Preference for Young Eagles,Any,Any,Flight Training,,Private,,,,,,,,,,Every,Any,https://www.eaa.org/eaa/learn-to-fly/scholarships/eaa-flight-training-scholarships
"Randolph Hill ""Kanard"" Kelly Flight Training Scholarship",December 19,1,Unknown,,"Preference - Career goals in Aviation/STEM; Member of Aviation Explorers, CAP, Alpha Eta Rho, or EAA Chapter",16 - 21,Any,Flight Training,,Private,Sport/Recreational,,,,,,,,,Every,"TN - Bedford, Coffee or Rutherford Counties",https://www.eaa.org/eaa/learn-to-fly/scholarships/eaa-flight-training-scholarships
Jason Kurt Lohr Aviation Scholarship,December 19,1,Unknown,,Preference - Candidates in greater St. Louis Metro Area,18 - 23,High School Graduate,Flight Training,,Private ,Sport/Recreational,Instrument,Commercial,Multi-Engine Rating,Certified Flight Instructor,High Performance Endorsement,Complex Endorsement,Aerobatic Instruction,Tailwheel Endorsement,Every,Any,https://www.eaa.org/eaa/learn-to-fly/scholarships/eaa-flight-training-scholarships
Don and Ann Pellegreno Flight Training Scholarship,December 19,1,Unknown,,US Citizen Only,Any,Any,Flight Training,,Private,,,,,,,,,,Female,Any,https://www.eaa.org/eaa/learn-to-fly/scholarships/eaa-flight-training-scholarships
Matthew Platt Memorial Scholarship,December 19,1,Unknown,,,< 25,Any,Flight Training,,Private,,,,,,,,,,Every,Any,https://www.eaa.org/eaa/learn-to-fly/scholarships/eaa-flight-training-scholarships
Tom Poberezny Memorial Scholarship,December 19,1,Unknown,,"Preference - EAA Member, EAA Young Eagle and interest in Aerobatics Flight",Any,Any,Flight Training,,Private,Sport/Recreational,Instrument,Commercial,Multi-Engine Rating,Certified Flight Instructor,High Performance Endorsement,Complex Endorsement,Aerobatic Instruction,Tailwheel Endorsement,Every,Any,https://www.eaa.org/eaa/learn-to-fly/scholarships/eaa-flight-training-scholarships
WASP Endowment Fund,December 19,1,Unknown,,Preference - Young Eagles,Any,Any,Flight Training,Solo,Private ,Sport/Recreational,Instrument,Commercial,Multi-Engine Rating,Certified Flight Instructor,High Performance Endorsement,Complex Endorsement,Aerobatic Instruction,Tailwheel Endorsement,Every,Any,https://www.eaa.org/eaa/learn-to-fly/scholarships/eaa-flight-training-scholarships
"Elgin Wells, Jr. Starjammer CFI Scholarship",December 19,1,Unknown,,Preference - Long Term CFI,Any,Any,Flight Training,,,,,,,Certified Flight Instructor,,,,,Every,Any,https://www.eaa.org/eaa/learn-to-fly/scholarships/eaa-flight-training-scholarships
WomenSoar Scholarship,December 19,1,Unknown,,US Citizen Only,> 17 ,Any,Flight Training,Solo,Private,Sport/Recreational,Instrument,Commercial,Multi-Engine Rating,Certified Flight Instructor,High Performance Endorsement,Complex Endorsement,Aerobatic Instruction,Tailwheel Endorsement,Female,Any,https://www.eaa.org/eaa/learn-to-fly/scholarships/eaa-flight-training-scholarships
Robert J. Ziegman Memorial Scholarship,December 19,1,Unknown,,,Any,Any,Flight Training,Solo,Private,Sport/Recreational,Instrument,Commercial,Multi-Engine Rating,Certified Flight Instructor,High Performance Endorsement,Complex Endorsement,Aerobatic Instruction,Tailwheel Endorsement,Every,"In/Around Lorain County, Ohio",https://www.eaa.org/eaa/learn-to-fly/scholarships/eaa-flight-training-scholarships
AAAE Scholarship for Native Americans,March 13,2,2000,>3.0,,Any,Aviation Program (Collegiate),Flight Training,,Private,,Instrument,Commercial,Multi-Engine Rating,Certified Flight Instructor,,,,,Every,Any,https://aaae.org/foundation
AAAE Aviaiton Management Scholarship,March 13,10,2000,>3.0,,,,,,,,,,,,,,,,,,
Air Line Pilot Association Scholarship,April 1,1,15000,,,Any,Must be attending college as an incoming freshman or in college towards a bachelors degree,Flight Training / Education,,Private,,Instrument,Commercial,Multi-Engine Rating,Certified Flight Instructor,,,,,Every,Any,https://www.alpa.org/resources/alpa-scholarship-programs
Costas Sivyllis ALPA Education Scholarship,June 18,Multiple,1000 - 15000,,,Any,Must be attending a college program with an ALPA ACE Program,Flight Training,,Private,,Instrument,Commercial,Multi-Engine Rating,Certified Flight Instructor,,,,,Every,"""Schools with ALPA ACE club - Arizona State University,Central Washington University,Embry-Riddle Aeronautical University Daytona Beach, Fla.
Embry-Riddle Aeronautical University Prescott, Ariz.
Florida Institute of Technology
Indiana State University
Lewis University
Louisiana Tech University
Lynn University
Mount Royal University
Oklahoma State University
Parks College of St. Louis University
Purdue University
Southern Illinois University
University of North Dakota
Western Michigan University""",https://www.alpa.org/resources/alpa-scholarship-programs
GRCF Joshua Esch Mitchell Aviation Scholarship - May be discontinued,April 1,2,1000,,,Any,,,,,,,,,,,,,,,,
Joseph Frasca Excellence in Aviation Scholarship,June 30,Multiple,2000,,,Any,UAA Member Institution ,Aviation Maintenance or Flight,,Private,,Instrument,Commercial,Multi-Engine Rating,Certified Flight Instructor,,,,,Every,UAA Member Institutions,http://uaa.aero/uaa_scholarships.php
Santa Rosa Ninety-Niners Aviation Scholarship,August 15,1,5000,,,Any,Flight Training,Flight Training,,,,Instrument,Commercial,Multi-Engine Rating,Certified Flight Instructor,,,,,Female,"150 miles of Santa Rosa, CA",https://www.santarosa99s.org/scholarship/
Chicago Area Business Aviation Association Scholarship,May 31,5,7500,,,Any,,,,,,,,,,,,,,,,
Ken Johnson Memorial Scholarship ,May 31,1,8000,,,Any,Aviation related field,aviation,,Private,,Instrument,Commercial ,Mult-Engine Rating,Certified Flight Instructor,,,,,Every,Any,https://www.cabaa.com/scholarships
CABAA Maintenance Committee Financial Scholarship,May 31,1,8000,,,Any,Aviation related field,aviation,,,,,,,,,,,,Every,Chicagoland residents preference,https://www.cabaa.com/scholarships
CABAA Collegiate Scholarship,May 31,1,8000,,,Any,Aviation related field,Aviation,,Private,,Instrument,Commercial ,Mult-Engine Rating,Certified Flight Instructor,,,,,Every,Chicagoland residents preference,https://www.cabaa.com/scholarships
CABAA General Financial Award,May 31,1,5000,,,Any,Business Aviation related field,Aviation,,Private,,Instrument,Commercial ,Mult-Engine Rating,Certified Flight Instructor,,,,,Every,Chicagoland residents preference,https://www.cabaa.com/scholarships
CABAA Professional Development Award,May 31,1,2000,,,Any,Any certificate for professional development,Not for flight training,,N/A,,N/A,N/A,N/A,N/A,,,,,Every,Chicagoland residents preference,https://www.cabaa.com/scholarships
Aircare FACTS Training Award,May 31,1,N/A,,,Any,Aircare FACTS Initial Training Program costs,FA Training,,N/A,,N/A,N/A,N/A,N/A,,,,,Every,Chicagoland residents preference,https://www.cabaa.com/scholarships
Northrop Aviation FAA DIspatcher,May 31,1,N/A,,,Any,FAA Dispatch Course Fee Covered - 6 week course,Dispatcher Training,,N/A,,N/A,N/A,N/A,N/A,,,,,Every,Chicagoland residents preference,https://www.cabaa.com/scholarships
Gogo/Satcom Direct aeroIT Certification,May 31,1,N/A,,,Any,Gogo/Satcom Direct aeroIT Certification - 4.5 day Course,Satcom Training,,N/A,,N/A,N/A,N/A,N/A,,,,,Every,Chicagoland residents preference,https://www.cabaa.com/scholarships
FlightSafety Principles of Troubleshooting Training Award,May 31,1,N/A,,,Any,FlightSafety Principles of Troubleshooting Training Award,FSI Award,,N/A,,N/A,N/A,N/A,N/A,,,,,Every,Chicagoland residents preference,https://www.cabaa.com/scholarships
FlightSafety and CAE Maintenance Professional Training Award,May 31,2,N/A,,,Any,FlightSafety or CAE Mx Initial Course - Citation,FSI/CAE Award to A&P Holders,,N/A,,N/A,N/A,N/A,N/A,,,,,Every,Chicagoland residents preference,https://www.cabaa.com/scholarships
FlightSafety and CAE Professional Pilot Training Award,May 31,2,22200,,,Any,FlightSafety or CAE Citation SIC Initial Course,FSI/CAE Award to CMEL holders,,N/A,,N/A,N/A,N/A,N/A,,,,,Every,Chicagoland residents preference,
CAE ATP-CTP Award,May 31,1,3000,,,Any,CAE ATP-CTP Course Cost,Flight training,,N/A,,N/A,N/A,N/A,N/A,,,,,Every,Chicagoland residents preference,
Virginia Aviation Business Association Scholarship - Colgan Scholarship,May 30,1,2000,,,Any,High School/Technical School/Aviation College in Virginia,"Flight training, aviation school, aviation technical school",,Private,,Instrument,Commercial ,Mult-Engine Rating,Certified Flight Instructor,,,,,Every,Virginia Resident & VA School,https://www.thevaba.org/colgan-application
Virginia Aviation Business Association Scholarship - Graham Scholarship,PPD After COVID,,,,,Any,,,,,,,,,,,,,,,,https://www.thevaba.org/scholarship
Eugene S. Kropf Scholarship,June 1,1+,500,,,Any,UAA Member Institution - Aviation College,Flight training or aviation related with sophomore status,,Private,,Instrument,Commecial,Multi-Engine Rating,Certified Flight Instructor,,,,,Every,UAA Member Institution Schools,https://www.uaa.aero/uaa_scholarships.php
Technical Women's Organization Scholarship,Last was 2024?,5,500,,,Any,,,,,,,,,,,,,,,,
Navigate Your Future Scholarship,Last friday in June,1,2500,,,Any,Graduating Senior enrolled in an aviation college/university,Any field of study in aviation,,Private ,,Instrument,Commercial,Multi-Engine Rating,Certified Flight Instructor,,,,,Every,,
John Thomas Crouse Scholarship,June 30,1,7500,,,Any,,,,,,,,,,,,,,,,
Conklin and de Decker Business Aviation Management Scholarship,July 1,1,5000,,,Any,Enrolled in a business aviation program at a 2/4-year aviation school,business aviation,,N/A,,N/A,N/A,N/A,N/A,,,,,Every,,https://nbaa.org/professional-development/scholarships/conklin-de-decker/
James Sullivan Aviation Scholarship,August 12,1,5000,,,Any,Business aviation scholarship - preference to aviation maintenance,Flight training/business aviation/business aviation mx,,Private,,Instrument,Commercial,Multi-Engine Rating,Certified Flight Instructor,,,,,Every,,https://nbaa.org/professional-development/scholarships/james-sullivan-aviation-scholarship/
Susan Liebeler Milestone Award (Scholarship),May 15 & November 15,Up to 2,5000,,,Any,"N/A -Female Student Pilot out of Ventura County Airports (CMA, OXR, SZP, NTD)",Flight Training - Student Pilots with 5 hrs in last 90 days,,Private,,Instrument ,Commercial,Multi-Engine Rating,Certified Flight Instructor,,,,,Female,"Ventura County, CA Airports (CMA, OXR, SZP, NTD)",https://www.vc99s.org/content.aspx?page_id=22&club_id=649068&module_id=296062
Get Out of Your Comfort Zone (Scholarship,May 15,1,1000,,,Any,"N/A - Female Pilot out of Ventura County Airports (CMA, OXR, SZP, NTD) trying new aviation challeneges","Flight Training - Bravo Airspace, Narrow Runway ops, high altitude, spin training",,Private,,Instrument,Commercial,Multi-Engine Rating,Certified Flight Instructor,,,,,Female,"Ventura County, CA Airports (CMA, OXR, SZP, NTD)",https://www.vc99s.org/content.aspx?page_id=22&club_id=649068&module_id=296063
Karen Johnson Advanced Scholarship,November 15,1,3000,,,Any,"N/A -Female Student Pilot out of Ventura County Airports (CMA, OXR, SZP, NTD)",Flight Training - Female Pilots seeking advanced flight training ,,N/A,,Instrument,Commercial,Multi-Engine Rating ,Certified Flight Instructor,,,,,Female,"Ventura County, CA Airports (CMA, OXR, SZP, NTD)",https://www.vc99s.org/content.aspx?page_id=22&club_id=649068&module_id=296062
Karen Johnson Solo Scholarship,June 1,1,3000,,,Any,"N/A, Female Student Pilot seeking flight training towards solo flight (Aged 16 - 20)",Flight Training - Solo flights,,Private,,N/A,N/A,N/A,N/A,,,,,Female,Any,https://www.vc99s.org/content.aspx?page_id=22&club_id=649068&module_id=452649
Eddie Queen Business Aviation Management Scholarship,Potentially Discontinued,1,2500,,,Any,,,,,,,,,,,,,,,,
https://nbaa.org/professional-development/scholarships/,,,,,,Any,,,,,,,,,,,,,,,,
Calvin L Carrithers Aviation Scholarship,August 15,4,1000,,,Any,"University Aviation program students - Aviation, Management, etc",Flight training - students must blog about their experiences at least once a week,,Private ,,Instrument,Commercial,Multi-Engine Rating,Certified Flight Instructor,,,,,Every,Any,https://www.globalair.com/scholarships/
Tinker Murdock Scholarship,TBD- Still running,1,7500,,,Any,"N/A, internships also available",Flight training - Young Eagle or Next Step applicant,,Private ,,,,,,,,,,,Any,https://www.eaa.org/eaa/learn-to-fly/scholarships/eaa-flight-training-scholarships
Lawrence Ginocchio Aviation Scholarship,September 1,5,4500,,,Any,Full time or part time aviaiton management student ,Aviation Management Student - unclear if FT counts,,,,,,,,,,,,Every,Any,https://nbaa.org/professional-development/scholarships/ginocchio-aviation-scholarship/
Richard R. Harper Flight Training Scholarship,September 30,2,7500,,,Any,N/A - One Young Eagle & One Eagle Flight Student - 3.8 GPA+ with financial Need,Flight Training,,Private,,Instrument,Commercial,Multi-Engine Rating,Certified Flight Instructor,,,,,Every,Any,https://www.eaa.org/eaa/learn-to-fly/scholarships/eaa-flight-training-scholarships
UAA Janice K. Barden Aviation Scholarship,August 11,5,1000,,,Any,"Yes, NBAA or UAA Member School - Aviation Program, Rising Sophomore or Higher",Flight Training/Educational Costs,,Private,,Instrument,Commercial,Multi-Engine Rating,Certified Flight Instructor,,,,,Every,Any,https://nbaa.org/professional-development/scholarships/barden-aviation-scholarship/
Regional Air Cargo Carrier Association Scholarship,August 15,4,2500,,,Any,"Yes, accredited collegiate aviation program with 3.0",Tuition/Flight Training for Pilots & FAA Mechanics,,Private,,Instrument,Commercial,Multi-Engine Rating,Certified Flight Instructor,,,,,Every,Any,https://www.raccaonline.org/about-2
"The Al Worden ""Endeavour"" Scholarship",October 15,2,7000,,,Any,"N/A, 15 - 18 Year Olds Only","N/A, Stem experience for 15 - 18 year olds in Huntsville, AL",,N/A,,N/A,N/A,N/A,N/A,,,,,WAI Student Members (and Teachers),Any,https://www.wai.org/scholarship-listings
2026 Wings for Val Foundation Lieutenant Commander Lyndsay Evans Memorial Scholarship,October 15,1,10000,,,Any,"N/A, flight training but not associated with a college necessarily",Flight Training,,Private,,Instrument,Commercial,Multi-Engine Rating,Certified Flight Instructor,,,,,WAI Members,Any (International as well),https://www.wai.org/scholarship-listings
Kylie Murray Memorial Women in Aviation International Scholarship,October 15,1,7500,,,Any,"N/A, but must demonstrate student athlete ability in high school, collegel, etc.",Flight Training,,N/A,,N/A,N/A,Multi-Engine Rating,MEI Only),,,,,WAI Members,Must complete at ATP Flight School,https://www.wai.org/scholarship-listings
The White Family Legacy Scholarship,October 15th,1,3000,,,Any,"N/A, Private Pilot, 100+ Hrs of flight time",Flight Training,,N/A,,Instrument,Commercial,Multi-Engine Rating,Certified Flight Instructor,,,,,WAI Members,Any,https://www.wai.org/scholarship-listings
Juliana Turchetti Memorial Scholarship,October 15th,2,5000,,,Any,"N/A, Private Pilot",Flight Training,,N/A,,N/A,N/A,N/A,N/A,Seaplane Rating,,,,WAI Members,Any,https://www.wai.org/scholarship-listings
Republic Airways Dispatch Scholarship,October 15th,1,5000,,,Any,N/A,Dispatch Certificate Training,,N/A,,N/A,N/A,N/A,N/A,N/A,,,,WAI Members,Any,https://www.wai.org/scholarship-listings
Esther Noffke Flight Training Scholarship,October 15th,1,5000,,,Any,FLight Program or College/University,Flight Training or Aviation Degree,,Private,,Instrument,Commercial,Multi-Engine Rating,Certified Flight Instructor,Seaplane Rating,,,,WAI Members,Any,https://www.wai.org/scholarship-listings
Boeing Maintenance Training Scholarship,October 15th,1,7500,,,Any,Accredited Aviation Maintenance Program or College,Aviation Mx Training,,N/A,,N/A,N/A,N/A,N/A,N/A,,,,Female WAI Member,Any,https://www.wai.org/scholarship-listings
Boeing Flight Training Scholarship,October 15th,1,7500,,,Any,"N/A, If enrolled in school 3.0 GPA or Better","Flight Training towards private, sport, recreational, or instrument",,Private,Sport/Recreational,Instrument,N/A,N/A,N/A,N/A,,,,Female WAI Member,Any,https://www.wai.org/scholarship-listings
Anne Bridge Baddour Aviation Scholarship,October 15th,1,5000,,,Any,"N/A, Private Pilot 150+ Hours","Flight training, instrument, Multi-engine or ATP",,N/A,N/A,Instrument,N/A,Multi-Engine Rating,N/A,,Airline Transport Pilot,,,Female WAI Member,Any,https://www.wai.org/scholarship-listings